Date,Symbol,Open,High,Low,Close,ATR14,BufPct,Buffer,GreenRail,RedRail
2026-07-01,BTCUSD,58523.93,61287.33,57717.55,59961.45,,0.15,,,
2026-07-02,BTCUSD,59961.46,62147.89,59520.02,61484.02,,0.15,,,
2026-07-03,BTCUSD,61484.02,62899.99,61162.79,62520.22,,0.15,,,
2026-07-04,BTCUSD,62541.39,63410.00,62274.16,63086.45,,0.15,,,
2026-07-05,BTCUSD,63036.47,63930.20,62384.08,63580.44,,0.15,,,
2026-07-06,BTCUSD,63537.33,64487.03,61250.00,64001.84,,0.15,,,
2026-07-07,BTCUSD,64009.2,64262.55,62583.00,63323.27,,0.15,,,
2026-07-08,BTCUSD,63322.07,63720.88,61453.09,62237.70,,0.15,,,
2026-07-09,BTCUSD,62237.7,63448.46,61636.05,63177.10,,0.15,,,
2026-07-10,BTCUSD,63171.72,64663.13,62910.52,64123.23,,0.15,,,
2026-07-20,BTCUSD,64894.01,65756.09,64025.00,65201.58,,0.15,,,
2026-07-21,BTCUSD,65213.05,66923.95,65106.79,66510.52,,0.15,,,
2026-07-22,BTCUSD,66516.17,66696.55,65498.76,66080.00,,0.15,,,
2026-07-23,BTCUSD,66087.96,66287.74,64564.09,65047.97,1988.28,0.15,298.242,66585.98,64265.85
2026-07-24,BTCUSD,65051.24,65761.61,63641.00,64096.61,1997.73,0.15,299.660,66061.27,63341.34
2026-07-25,BTCUSD,64083.31,64387.43,63732.00,64318.25,1901.85,0.15,285.278,64672.71,63446.72
2026-07-26,BTCUSD,64295.61,65511.36,64229.60,65331.54,1857.56,0.15,278.634,65789.99,63950.97
2026-07-27,BTCUSD,65341.07,65705.08,63579.36,63693.55,1876.71,0.15,281.507,65986.59,63297.85
2026-07-28,BTCUSD,63693.44,64041.02,62702.10,63847.12,1838.30,0.15,275.745,64316.76,62426.36
2026-07-29,BTCUSD,63847.12,64657.85,63194.45,63895.86,1811.52,0.15,271.728,64929.58,62922.72
2026-07-30,BTCUSD,63896.14,65081.22,63502.91,64727.44,1794.86,0.15,269.229,65350.45,63233.68
2026-07-31,BTCUSD,64721.9,65338.49,62358.96,62809.57,1879.48,0.15,281.922,65620.41,62077.04
2026-08-01,BTCUSD,62833.9,63093.00,62209.81,62764.20,1808.32,0.15,271.248,63364.25,61938.56
2026-08-02,BTCUSD,62781.92,63730.49,62745.31,63499.49,1749.52,0.15,262.428,63992.92,62482.88
2026-08-03,BTCUSD,63479.64,64032.43,62210.14,63466.51,1754.72,0.15,263.208,64295.64,61946.93
2026-08-04,BTCUSD,63466.51,64470.39,63250.00,64053.97,1716.55,0.15,257.483,64727.87,62992.52
2026-08-05,BTCUSD,64050.51,64988.78,63839.81,64597.97,1676.01,0.15,251.402,65240.18,63588.41
2026-08-06,BTCUSD,64594.0,64944.16,64091.31,64267.30,1617.22,0.15,242.582,65186.74,63848.73
2026-08-07,BTCUSD,64261.89,65329.00,64099.35,64891.61,1589.53,0.15,238.430,65567.43,63860.92
2026-08-08,BTCUSD,64891.6,65148.93,64789.89,64905.97,1501.64,0.15,225.246,65374.18,64564.64
2026-08-10,BTCUSD,64848.68,65271.42,63733.03,63911.87,1504.26,0.15,225.640,65497.06,63507.39
2026-08-11,BTCUSD,63911.88,64439.38,63158.00,63536.41,1488.34,0.15,223.252,64662.63,62934.75
2026-08-12,BTCUSD,63531.75,64416.30,63235.88,63403.20,1466.35,0.15,219.952,64636.25,63015.93
2026-08-13,BTCUSD,63411.71,63949.90,62772.84,63423.71,1445.69,0.15,216.853,64166.75,62555.99
2026-08-14,BTCUSD,63425.35,63550.59,62468.21,62975.19,1419.74,0.15,212.960,63763.55,62255.25
2026-08-15,BTCUSD,62975.18,63119.89,62830.01,63018.75,1339.03,0.15,200.855,63320.74,62629.16
2026-08-16,BTCUSD,63010.08,63313.48,62631.18,62836.66,1292.12,0.15,193.818,63507.30,62437.36
2026-08-17,BTCUSD,62827.6,64588.00,62679.42,64484.18,1336.16,0.15,200.423,64788.42,62479.00
2026-08-18,BTCUSD,64495.21,65020.00,63979.36,64681.33,1315.05,0.15,197.257,65217.26,63782.10
2026-08-19,BTCUSD,64694.71,69930.00,64113.42,69300.01,1636.58,0.15,245.488,70175.49,63867.93
2026-08-20,BTCUSD,69349.13,73372.32,68866.14,73034.22,1841.56,0.15,276.233,73648.55,68589.91
2026-08-21,BTCUSD,73010.86,79500.00,73004.70,78340.57,2173.97,0.15,326.095,79826.09,72678.61
2026-08-22,BTCUSD,78288.79,78828.37,76471.70,77058.98,2187.02,0.15,328.052,79156.42,76143.65
2026-08-23,BTCUSD,77054.44,78055.25,75681.84,77708.03,2200.33,0.15,330.050,78385.30,75351.79
2026-08-24,BTCUSD,77729.36,79999.99,76668.42,78984.22,2281.13,0.15,342.170,80342.16,76326.25
2026-08-25,BTCUSD,78981.59,81249.57,77832.00,78523.52,2362.31,0.15,354.346,81603.92,77477.65
2026-08-26,BTCUSD,78526.79,79239.09,77601.02,79001.99,2310.58,0.15,346.586,79585.68,77254.43
2026-08-27,BTCUSD,79026.18,80835.82,78589.97,80269.39,2305.95,0.15,345.893,81181.71,78244.08
2026-08-28,BTCUSD,80275.35,81253.64,76845.71,77828.06,2456.09,0.15,368.414,81622.05,76477.30
2026-08-29,BTCUSD,77839.19,78327.00,77348.65,78232.61,2350.54,0.15,352.581,78679.58,76996.07
2026-08-30,BTCUSD,78214.55,79346.35,77173.99,77715.37,2337.81,0.15,350.672,79697.02,76823.32
2026-08-31,BTCUSD,77672.1,79257.14,77369.59,78562.74,2305.65,0.15,345.848,79602.99,77023.74
2026-09-01,BTCUSD,78537.72,79195.32,76366.12,77398.69,2343.05,0.15,351.457,79546.78,76014.66
2026-09-02,BTCUSD,77459.51,77750.00,76219.18,77307.36,2285.03,0.15,342.755,78092.75,75876.43
2026-09-03,BTCUSD,77307.36,82283.00,76929.29,81263.99,2504.22,0.15,375.633,82658.63,76553.66
2026-09-05,BTCUSD,79713.02,80200.67,79681.94,79831.57,2438.35,0.15,365.753,80566.42,79316.19
2026-09-06,BTCUSD,79833.86,80564.24,79250.00,80339.13,2358.06,0.15,353.709,80917.95,78896.29
2026-09-07,BTCUSD,80240.22,80462.23,78666.00,79091.97,2317.93,0.15,347.689,80809.92,78318.31
2026-09-08,BTCUSD,79091.97,79477.07,77589.00,78446.72,2287.22,0.15,343.084,79820.15,77245.92
2026-09-09,BTCUSD,78449.28,79752.73,77727.00,78283.98,2268.55,0.15,340.282,80093.01,77386.72
2026-09-10,BTCUSD,78283.98,78554.18,76457.53,76536.55,2256.27,0.15,338.440,78892.62,76119.09
2026-09-11,BTCUSD,76536.55,79852.22,76160.87,77208.55,2358.77,0.15,353.816,80206.04,75807.05
2026-09-12,BTCUSD,77208.55,77495.00,77049.56,77262.85,2222.11,0.15,333.316,77828.32,76716.24
2026-09-13,BTCUSD,77262.85,77425.43,76457.09,76802.73,2132.55,0.15,319.883,77745.31,76137.21
2026-09-14,BTCUSD,76799.85,79591.17,76347.27,78175.01,2211.93,0.15,331.790,79922.96,76015.48
2026-09-15,BTCUSD,78185.48,78242.75,74887.50,75573.53,2293.60,0.15,344.040,78586.79,74543.46
2026-09-16,BTCUSD,75584.17,76499.99,74911.53,76144.99,2243.23,0.15,336.485,76836.47,74575.05
2026-09-17,BTCUSD,76144.99,77105.42,75921.88,76347.25,2167.54,0.15,325.131,77430.55,75596.75
2026-09-18,BTCUSD,76330.9,81388.47,76205.46,80875.69,2382.93,0.15,357.440,81745.91,75848.02
2026-09-19,BTCUSD,80875.04,81925.00,80822.48,81233.91,2291.47,0.15,343.721,82268.72,80478.76
2026-09-20,BTCUSD,81202.57,81472.04,80085.00,81159.64,2226.87,0.15,334.031,81806.07,79750.97
2026-09-21,BTCUSD,81177.86,87397.00,80837.42,86594.94,2536.35,0.15,380.453,87777.45,80456.97
2026-09-22,BTCUSD,86594.94,86734.00,85059.28,86198.05,2474.81,0.15,371.221,87105.22,84688.06
2026-09-23,BTCUSD,86198.05,87282.81,83513.00,84378.31,2567.31,0.15,385.096,87667.91,83127.90
2026-09-24,BTCUSD,84378.31,84929.78,82708.96,84385.46,2542.56,0.15,381.383,85311.16,82327.58
2026-09-25,BTCUSD,84385.47,85225.30,83091.19,84094.17,2513.38,0.15,377.007,85602.31,82714.18
2026-09-26,BTCUSD,84068.23,84437.58,83777.77,84418.22,2380.98,0.15,357.148,84794.73,83420.62
2026-09-27,BTCUSD,84423.3,85158.50,84113.56,84434.39,2285.55,0.15,342.833,85501.33,83770.73
2026-09-28,BTCUSD,84460.2,84976.31,82510.37,83462.64,2298.44,0.15,344.766,85321.08,82165.60
2026-09-29,BTCUSD,83437.92,84557.01,82736.00,83618.88,2264.33,0.15,339.650,84896.66,82396.35
2026-09-30,BTCUSD,83647.88,85613.72,82911.87,83556.27,2295.59,0.15,344.338,85958.06,82567.53
2026-10-01,BTCUSD,83514.01,85244.00,83128.03,84847.99,2282.76,0.15,342.413,85586.41,82785.62
2026-10-02,BTCUSD,84848.73,87249.05,83851.00,84501.83,2362.42,0.15,354.363,87603.41,83496.64
2026-10-03,BTCUSD,84496.73,85019.99,84434.53,84742.22,2235.49,0.15,335.324,85355.31,84099.21
2026-10-04,BTCUSD,84742.22,86779.57,84702.42,86518.26,2224.18,0.15,333.628,87113.20,84368.79
2026-10-05,BTCUSD,86502.65,86991.05,84944.20,85778.27,2211.52,0.15,331.728,87322.78,84612.47
2026-10-06,BTCUSD,85748.96,86698.35,85100.01,85546.02,2167.72,0.15,325.158,87023.51,84774.85
2026-10-07,BTCUSD,85538.27,85601.11,82717.30,83275.06,2218.87,0.15,332.830,85933.94,82384.47
2026-10-08,BTCUSD,83275.05,83471.73,80314.70,81677.83,2285.88,0.15,342.882,83814.61,79971.82
2026-10-09,BTCUSD,81692.79,83452.99,81534.02,82555.32,2259.67,0.15,338.951,83791.94,81195.07
